id_prizorisca,kraj,država
Trond,Trondheim,NOR
Lahti,Lahti,FIN
Taupl,Tauplitz/Bad Mitterndorf,AUT
Oslo,Oslo,NOR
Kling,Klingenthal,GER
Bisch,Bischofshofen,AUT
Val d,Val di Fiemme,ITA
Harra,Harrachov,CZE
Nizhn,Nizhny Tagil,RUS
Titis,Titisee-Neustadt,GER
Villa,Villach,AUT
Willi,Willingen,GER
Kuopi,Kuopio,FIN
Vanco,Vancouver -Whistler Olympic Park,CAN
Lille,Lillehammer,NOR
Liber,Liberec,CZE
Prage,Pragelato,ITA
Sochi,Sochi,RUS
Wisla,Wisla,POL
Kuusa,Kuusamo,FIN
Ruka,Ruka,FIN
Obers,Oberstdorf,GER
Falun,Falun,SWE
Engel,Engelberg,SUI
Garmi,Garmisch-Partenkirchen,GER
Sappo,Sapporo,JPN
Innsb,Innsbruck,AUT
Zakop,Zakopane,POL
Viker,Vikersund,NOR
