id_tekmovalca,ime,nacionalnost,letnica
1998,Schmitt Martin,GER,1978
1994,Jussilainen Risto,FIN,1975
5293,Bjerkeengen Fredrik,NOR,1988
4734,Sliz Rafal,POL,1983
4226,Wank Andreas,GER,1988
2530,Tochimoto Shohei,JPN,1989
2819,Chedal Emmanuel,FRA,1983
4379,Yumoto Fumihisa,JPN,1984
3023,Pikl Primoz,SLO,1982
4012,Kaltenboeck Bastian,AUT,1983
5760,Trofimov Roman-Sergeevich,RUS,1989
6553,Siegel David,GER,1996
5658,Prevc Peter,SLO,1992
5067,Roensen Atle Pedersen,NOR,1988
1996,Kiuru Tami,FIN,1976
5749,Evensen Johan Remen,NOR,1985
1906,Karpenko Nikolay,KAZ,1981
2062,Kuettel Andreas,SUI,1979
4009,Bogataj Jure,SLO,1985
5493,Byrt Tomasz,POL,1993
2020,Miyahira Hideharu,JPN,1973
5262,Leyhe Stephan,GER,1992
1971,Schwarzenberger Reinhard,AUT,1977
2815,Koch Martin,AUT,1982
5564,Freitag Richard,GER,1991
1984,Janda Jakub,CZE,1978
2920,Liegl Florian,AUT,1983
2813,Vassiliev Dimitry,RUS,1979
4176,Grimholm Isak,SWE,1985
5174,Stjernen Andreas,NOR,1988
2177,Queck Danny,GER,1989
4643,Cikl Martin,CZE,1987
5974,Hauer Joachim,NOR,1991
2987,Descombes Sevoie Vincent,FRA,1984
5963,Shimizu Reruhi,JPN,1993
1922,Grigoli Marco,SUI,1991
5988,Brandt Johan Martin,NOR,1987
2660,Pauli Arthur,AUT,1989
2947,Matura Jan,CZE,1980
2915,Yliriesto Kimmo,FIN,1983
5904,Sklett Vegard-Haukoe,NOR,1986
4602,Vilberg Andreas,NOR,1985
2933,Sakano Yukio,JPN,1976
5396,Larinto Ville,FIN,1990
6194,Maksimochkin Mikhail,RUS,1993
5567,Geiger Karl,GER,1993
4580,Olli Harri,FIN,1985
2129,Bodmer Pascal,GER,1991
4336,Boshchuk Volodymyr,UKR,1982
4724,Morassi Andrea,ITA,1988
5109,Pograjc Andraz,SLO,1991
2009,Spaeth Georg,GER,1981
2970,Keituri Kalle,FIN,1984
4367,Takeuchi Taku,JPN,1987
5040,Schlierenzauer Gregor,AUT,1990
2919,Yamada Hiroki,JPN,1982
2169,Radelj Jure,SLO,1977
5039,Poppinger Manuel,AUT,1989
4626,Johnson Anders,USA,1989
2039,Malysz Adam,POL,1977
4143,Morgenstern Thomas,AUT,1986
6100,Forfang Johann Andre,NOR,1995
4325,Zyla Piotr,POL,1987
4579,Chaadaev Petr,BLR,1987
3104,Sinkovec Jure,SLO,1985
6235,Peier Killian,SUI,1995
4664,Rosliakov Ilja,RUS,1983
2874,Kalinitschenko Anton,RUS,1982
2171,Paschke Pius,GER,1990
3787,Zhaparov Radik,KAZ,1984
4322,Hula Stefan,POL,1986
5479,Judez Dejan,SLO,1990
5438,Diethart Thomas,AUT,1992
5939,Biegun Krzysztof,POL,1994
5589,Johansson Robert,NOR,1990
6084,Aschenwald Philipp,AUT,1995
1990,Hautamaeki Jussi,FIN,1979
2929,Bystoel Lars,NOR,1978
2041,Mesik Martin,SVK,1979
5695,Justin Rok,SLO,1993
7091,Prevc Domen,SLO,1999
2031,Stensrud Henning,NOR,1977
5435,Deschwanden Gregor,SUI,1991
5523,Watanabe Hiroaki,JPN,1991
6883,Vancura Tomas,CZE,1996
2088,Loitzl Wolfgang,AUT,1980
4547,Lappi Arttu,FIN,1984
2928,Fettner Manuel,AUT,1985
2546,Karelin Pavel,RUS,1990
6098,Tande Daniel Andre,NOR,1994
2049,Zonta Peter,SLO,1979
2092,Widhoelzl Andreas,AUT,1976
5723,Lamy Chappuis Ronan,FRA,1993
5519,Wohlgenannt Ulrich,AUT,1994
4420,Ichinohe Tsuyoshi,JPN,1976
5188,Mayer Nicolas,FRA,1990
5451,Kobayashi Junshiro,JPN,1991
2916,Ruuskanen Juha-Matti,FIN,1984
4174,Erikson Johan,SWE,1985
6696,Wellinger Andreas,GER,1995
5298,Kot Maciej,POL,1991
5062,Mazoch Jiri,CZE,1990
5284,Pungertar Matjaz,SLO,1990
2036,Bachleda Marcin,POL,1982
1995,Ahonen Janne,FIN,1977
7256,Bjoereng Joacim Oedegaard,NOR,1995
4613,Ipatov Dimitry,RUS,1984
2852,Watase Yuta,JPN,1982
4333,Urbanc Rok,SLO,1985
2026,Choi Seou,KOR,1982
4144,Mueller Roland,AUT,1986
5273,Wenig Daniel,GER,1991
4615,Landert Guido,SUI,1985
2941,Ueno Shingo,JPN,1973
4963,Ito Kenshiro,JPN,1990
5185,Muotka Olli,FIN,1988
4197,Freund Severin,GER,1988
5142,Kubacki Dawid,POL,1990
5416,Grimsrud Simen Key,NOR,1992
5068,Elverum Sorsell Kim Rene,NOR,1988
6145,Nurmsalu Kaarel,EST,1991
6312,Sjoeen Phillip,NOR,1995
2708,Bresadola Davide,ITA,1988
4645,Salumae Jens,EST,1981
2021,Funaki Kazuyoshi,JPN,1975
5404,Ulmer Christian,GER,1984
2034,Mateja Robert,POL,1974
2611,Ikonen Joonas,FIN,1987
4737,Damjan Anze,SLO,1987
5360,Niemi Sami,FIN,1991
2010,Uhrmann Michael,GER,1978
5219,Alexander Nicholas,USA,1988
5397,Heiskanen Sami,FIN,1991
5064,Hilde Tom,NOR,1987
2998,Benkovic Rok,SLO,1986
1974,Kaiser Stefan,AUT,1983
3090,Hlava Lukas,CZE,1984
2025,Choi Heung-Chul,KOR,1981
5253,Eisenbichler Markus,GER,1991
5429,Ziobro Jan,POL,1991
4646,Tepes Jurij,SLO,1989
5891,Hvala Jaka,SLO,1993
5336,Frenette Peter,USA,1992
5494,Zniszczol Aleksander,POL,1994
5757,Asikainen Lauri,FIN,1989
2934,Bardal Anders,NOR,1982
2033,Ljoekelsoey Roar,NOR,1976
4764,Fairall Nicholas,USA,1989
4593,Hajek Antonin,CZE,1987
5710,Kovaljeff Kai,FIN,1985
4957,Swensen Vegard,NOR,1986
4801,Koudelka Roman,CZE,1989
4678,Boyd-Clowes Mackenzie,CAN,1991
2903,Lindstroem Veli-Matti,FIN,1983
6296,Zauner David,AUT,1985
2045,Peterka Primoz,SLO,1979
5168,Zografski Vladimir,BUL,1993
5987,Velta Rune,NOR,1989
5442,Schabereiter Florian,AUT,1991
5626,Semenic Anze,SLO,1993
2119,Higashi Akira,JPN,1972
4186,Colloredo Sebastian,ITA,1987
5063,Kozisek Cestmir,CZE,1991
5466,Hazetdinov Ilmir,RUS,1991
5518,Aigner Clemens,AUT,1993
5181,Gangnes Kenneth,NOR,1989
4041,Lazzaroni David,FRA,1985
2985,Forfang Daniel,NOR,1979
2178,Schoft Felix,GER,1990
2024,Kim Hyun-Ki,KOR,1983
5288,Hayboeck Michael,AUT,1991
4237,Mazoch Jan,CZE,1985
5193,Ingvaldsen Ole Marius,NOR,1985
4748,Karaulov Ivan,KAZ,1980
5796,Maeaettae Jarkko,FIN,1994
5186,Eggenhofer Markus,AUT,1987
2917,Romoeren Bjoern Einar,NOR,1981
6645,Klimov Evgeniy,RUS,1994
4561,Read Stefan,CAN,1987
4920,Lazarovych Oleksandr,UKR,1984
4882,Aaraas Jon,NOR,1986
5972,Fannemel Anders,NOR,1991
4173,Aren Andreas,SWE,1985
5750,Mueller Lukas,AUT,1992
2965,Schneider Balthasar,AUT,1984
4236,Vaculik Ondrej,CZE,1986
2018,Yoshioka Kazuya,JPN,1978
5141,Rutkowski Lukasz,POL,1988
1991,Hautamaeki Matti,FIN,1981
6288,Kobayashi Ryoyu,JPN,1996
4215,Musiol Julian,GER,1986
6698,Stekala Andrzej,POL,1995
4321,Stoch Kamil,POL,1987
4922,Shumbarets Vitaliy,UKR,1983
6392,Nakamura Naoki,JPN,1996
4880,Kornilov Denis,RUS,1986
2022,Kasai Noriaki,JPN,1972
5326,Muranka Klemens,POL,1994
6086,Greiderer Simon,AUT,1996
1905,Korolev Alex,KAZ,1987
3071,Pettersen Sigurd,NOR,1980
5119,Koivuranta Anssi,FIN,1988
2812,Solem Morten,NOR,1980
2077,Alborn Alan,USA,1980
4503,Takahashi Daito,JPN,1980
2927,Neumayer Michael,GER,1979
6008,Kaelin Pascal,SUI,1993
6679,Boyarintsev Vladislav,RUS,1994
5038,Innauer Mario,AUT,1990
4141,Kofler Andreas,AUT,1984
5706,Romashov Alexey,RUS,1992
5123,Balkaasen Fredrik,SWE,1989
5302,Mietus Krzysztof,POL,1991
4334,Zupan Bine,SLO,1984
5676,Dezman Nejc,SLO,1992
1970,Hoellwarth Martin,AUT,1974
6342,Kraus Marinus,GER,1991
2136,Bogner Tobias,GER,1990
2975,Ritzerfeld Joerg,GER,1983
6085,Hofer Thomas,AUT,1996
2004,Herr Alexander,GER,1978
4259,Ito Daiki,JPN,1985
2095,Hakola Lauri,FIN,1979
6480,Prevc Cene,SLO,1996
6165,Wolny Jakub,POL,1995
5053,Hrgota Robert,SLO,1988
5026,Naglic Tomaz,SLO,1989
2016,Okabe Takanobu,JPN,1970
4889,Jacobsen Anders,NOR,1985
4720,Dellasega Roberto,ITA,1990
3012,Happonen Janne,FIN,1984
6437,Lanisek Anze,SLO,1996
4782,Simon Erik,GER,1987
4706,Lackner Daniel,AUT,1987
6311,Kokkonen Akseli,NOR,1984
6671,Bickner Kevin,USA,1996
2113,Moellinger Michael,SUI,1980
2030,Ingebrigtsen Tommy,NOR,1977
2138,Horlacher Kevin,GER,1989
5585,Schiffner Markus,AUT,1992
6845,Pavlovcic Bor,SLO,1998
2067,Ammann Simon,SUI,1981
2918,Kranjec Robert,SLO,1981
5521,Sakuyama Kento,JPN,1990
4025,Damjan Jernej,SLO,1983
2931,Mechler Maximilian,GER,1984
5301,Mietus Grzegorz,POL,1993
1972,Thurnbichler Stefan,AUT,1984
2999,Sedlak Borek,CZE,1981
4015,Hocke Stephan,GER,1983
4939,Meznar Mitja,SLO,1988
5497,Kraft Stefan,AUT,1993
