id_tekmovalca,ime,nacionalnost
5119,Koivuranta Anssi,FIN
6288,Kobayashi Ryoyu,JPN
5518,Aigner Clemens,AUT
6883,Vancura Tomas,CZE
5442,Schabereiter Florian,AUT
2929,Bystoel Lars,NOR
4333,Urbanc Rok,SLO
4012,Kaltenboeck Bastian,AUT
4259,Ito Daiki,JPN
2918,Kranjec Robert,SLO
2022,Kasai Noriaki,JPN
4009,Bogataj Jure,SLO
4367,Takeuchi Taku,JPN
6008,Kaelin Pascal,SUI
2092,Widhoelzl Andreas,AUT
2030,Ingebrigtsen Tommy,NOR
2138,Horlacher Kevin,GER
2987,Descombes Sevoie Vincent,FRA
4322,Hula Stefan,POL
5219,Alexander Nicholas,USA
5796,Maeaettae Jarkko,FIN
5062,Mazoch Jiri,CZE
2095,Hakola Lauri,FIN
5939,Biegun Krzysztof,POL
5109,Pograjc Andraz,SLO
5123,Balkaasen Fredrik,SWE
1970,Hoellwarth Martin,AUT
1998,Schmitt Martin,GER
5695,Justin Rok,SLO
2819,Chedal Emmanuel,FRA
2947,Matura Jan,CZE
6437,Lanisek Anze,SLO
2113,Moellinger Michael,SUI
2812,Solem Morten,NOR
6165,Wolny Jakub,POL
2119,Higashi Akira,JPN
5435,Deschwanden Gregor,SUI
4336,Boshchuk Volodymyr,UKR
4547,Lappi Arttu,FIN
5750,Mueller Lukas,AUT
5564,Freitag Richard,GER
2077,Alborn Alan,USA
2813,Vassiliev Dimitry,RUS
5302,Mietus Krzysztof,POL
1974,Kaiser Stefan,AUT
2024,Kim Hyun-Ki,KOR
2177,Queck Danny,GER
5404,Ulmer Christian,GER
2026,Choi Yong-Jik,KOR
4615,Landert Guido,SUI
5757,Asikainen Lauri,FIN
2660,Pauli Arthur,AUT
5749,Evensen Johan Remen,NOR
5451,Kobayashi Junshiro,JPN
5053,Hrgota Robert,SLO
5466,Hazetdinov Ilmir,RUS
2975,Ritzerfeld Joerg,GER
5519,Wohlgenannt Ulrich,AUT
4613,Ipatov Dimitry,RUS
2546,Karelin Pavel,RUS
2915,Yliriesto Kimmo,FIN
6311,Kokkonen Akseli,NOR
5987,Velta Rune,NOR
3012,Happonen Janne,FIN
4144,Mueller Roland,AUT
5193,Ingvaldsen Ole Marius,NOR
4880,Kornilov Denis,RUS
5988,Brandt Johan Martin,NOR
1971,Schwarzenberger Reinhard,AUT
2985,Forfang Daniel,NOR
1996,Kiuru Tami,FIN
6845,Pavlovcic Bor,SLO
4579,Chaadaev Petr,BLR
4724,Morassi Andrea,ITA
5710,Kovaljeff Kai,FIN
5494,Zniszczol Aleksander,POL
5026,Naglic Tomaz,SLO
6679,Boyarintsev Vladislav,RUS
4782,Simon Erik,GER
2928,Fettner Manuel,AUT
1906,Karpenko Nikolay,KAZ
4920,Lazarovych Oleksandr,UKR
4174,Erikson Johan,SWE
5040,Schlierenzauer Gregor,AUT
2920,Liegl Florian,AUT
4041,Lazzaroni David,FRA
5142,Kubacki Dawid,POL
5301,Mietus Grzegorz,POL
5039,Poppinger Manuel,AUT
2033,Ljoekelsoey Roar,NOR
2067,Ammann Simon,SUI
5284,Pungertar Matjaz,SLO
2933,Sakano Yukio,JPN
1994,Jussilainen Risto,FIN
5038,Innauer Mario,AUT
2874,Kalinitschenko Anton,RUS
4645,Salumae Jens,EST
4922,Shumbarets Vitaliy,UKR
5658,Prevc Peter,SLO
2004,Herr Alexander,GER
5723,Lamy Chappuis Ronan,FRA
1991,Hautamaeki Matti,FIN
7256,Bjoereng Joacim Oedegaard,NOR
2169,Radelj Jure,SLO
5253,Eisenbichler Markus,GER
4503,Takahashi Daito,JPN
6085,Hofer Thomas,AUT
2998,Benkovic Rok,SLO
5181,Gangnes Kenneth,NOR
5185,Muotka Olli,FIN
2530,Tochimoto Shohhei,JPN
4215,Musiol Julian,GER
4325,Zyla Piotr,POL
2009,Spaeth Georg,GER
2036,Bachleda Marcin,POL
2010,Uhrmann Michael,GER
4602,Vilberg Andreas,NOR
5068,Elverum Sorsell Kim Rene,NOR
4321,Stoch Kamil,POL
6698,Stekala Andrzej,POL
6480,Prevc Cene,SLO
2999,Sedlak Borek,CZE
5760,Trofimov Roman-Sergeevich,RUS
5273,Wenig Daniel,GER
5397,Heiskanen Sami,FIN
5567,Geiger Karl,GER
4143,Morgenstern Thomas,AUT
3090,Hlava Lukas,CZE
6100,Forfang Johann Andre,NOR
4626,Johnson Anders,USA
6392,Nakamura Naoki,JPN
2020,Miyahira Hideharu,JPN
5626,Semenic Anze,SLO
6696,Wellinger Andreas,GER
1905,Korolev Alex,KAZ
2018,Yoshioka Kazuya,JPN
1972,Thurnbichler Stefan,AUT
2916,Ruuskanen Juha-Matti,FIN
5706,Romashov Alexey,RUS
4646,Tepes Jurij,SLO
6194,Maksimochkin Mikhail,RUS
5493,Byrt Tomasz,POL
5974,Hauer Joachim,NOR
5963,Shimizu Reruhi,JPN
2931,Mechler Maximilian,GER
6098,Tande Daniel Andre,NOR
4889,Jacobsen Anders,NOR
2045,Peterka Primoz,SLO
4236,Vaculik Ondrej,CZE
6296,Zauner David,AUT
5429,Ziobro Jan,POL
5497,Kraft Stefan,AUT
4957,Swensen Vegard,NOR
4939,Meznar Mitja,SLO
4141,Kofler Andreas,AUT
5288,Hayboeck Michael,AUT
5360,Niemi Sami,FIN
6145,Nurmsalu Kaarel,EST
3023,Pikl Primoz,SLO
2025,Choi Heung-Chul,KOR
5141,Rutkowski Lukasz,POL
2039,Malysz Adam,POL
6342,Kraus Marinus,GER
4226,Wank Andreas,GER
5523,Watanabe Hiroaki,JPN
4764,Fairall Nicholas,USA
4678,Boyd-Clowes Mackenzie,CAN
6084,Aschenwald Philipp,AUT
4561,Read Stefan,CAN
4237,Mazoch Jan,CZE
2917,Romoeren Bjoern Einar,NOR
5298,Kot Maciej,POL
4706,Lackner Daniel,AUT
2016,Okabe Takanobu,JPN
2919,Yamada Hiroki,JPN
5891,Hvala Jaka,SLO
5293,Bjerkeengen Fredrik,NOR
5174,Stjernen Andreas,NOR
1984,Janda Jakub,CZE
1990,Hautamaeki Jussi,FIN
4664,Rosliakov Ilja,RUS
2049,Zonta Peter,SLO
2934,Bardal Anders,NOR
5064,Hilde Tom,NOR
3104,Sinkovec Jure,SLO
5972,Fannemel Anders,NOR
4748,Karaulov Ivan,KAZ
2941,Ueno Shingo,JPN
4186,Colloredo Sebastian,ITA
2129,Bodmer Pascal,GER
2171,Paschke Pius,GER
5479,Judez Dejan,SLO
4420,Ichinohe Tsuyoshi,JPN
4379,Yumoto Fumihisa,JPN
3071,Pettersen Sigurd,NOR
2178,Schoft Felix,GER
4197,Freund Severin,GER
5063,Kozisek Cestmir,CZE
2021,Funaki Kazuyoshi,JPN
2062,Kuettel Andreas,SUI
5336,Frenette Peter,USA
4734,Sliz Rafal,POL
4963,Ito Kenshiro,JPN
5438,Diethart Thomas,AUT
2815,Koch Martin,AUT
4593,Hajek Antonin,CZE
5186,Eggenhofer Markus,AUT
6312,Sjoeen Phillip,NOR
5262,Leyhe Stephan,GER
2611,Ikonen Joonas,FIN
5326,Muranka Klemens,POL
2034,Mateja Robert,POL
5396,Larinto Ville,FIN
5416,Grimsrud Simen Key,NOR
4720,Dellasega Roberto,ITA
5585,Schiffner Markus,AUT
4801,Koudelka Roman,CZE
2965,Schneider Balthasar,AUT
4173,Aren Andreas,SWE
6086,Greiderer Simon,AUT
2852,Watase Yuta,JPN
2708,Bresadola Davide,ITA
2031,Stensrud Henning,NOR
4643,Cikl Martin,CZE
2903,Lindstroem Veli-Matti,FIN
5676,Dezman Nejc,SLO
5904,Sklett Vegard Haukoe,NOR
4882,Aaraas Jon,NOR
5521,Sakuyama Kento,JPN
5589,Johansson Robert,NOR
5067,Roensen Atle Pedersen,NOR
2041,Mesik Martin,SVK
3787,Zhaparov Radik,KAZ
4015,Hocke Stephan,GER
2136,Bogner Tobias,GER
1995,Ahonen Janne,FIN
2088,Loitzl Wolfgang,AUT
6553,Siegel David,GER
5168,Zografski Vladimir,BUL
7091,Prevc Domen,SLO
6235,Peier Killian,SUI
6671,Bickner Kevin,USA
4025,Damjan Jernej,SLO
2970,Keituri Kalle,FIN
5188,Mayer Nicolas,FRA
6645,Klimov Evgeniy,RUS
1922,Grigoli Marco,SUI
4580,Olli Harri,FIN
2927,Neumayer Michael,GER
