id_prizorisca,kraj,država
Lahti,Lahti,FIN
Engel,Engelberg,SUI
Plani,Planica,SLO
Kling,Klingenthal,GER
Bisch,Bischofshofen,AUT
Taupl,Tauplitz/Bad Mitterndorf,AUT
Villa,Villach,AUT
Sappo,Sapporo,JPN
Lille,Lillehammer,NOR
Nizhn,Nizhny Tagil,RUS
Viker,Vikersund,NOR
Ruka,Ruka,FIN
Willi,Willingen,GER
Vanco,Vancouver -Whistler Olympic Park,CAN
Harra,Harrachov,CZE
Kuusa,Kuusamo,FIN
Garmi,Garmisch-Partenkirchen,GER
Liber,Liberec,CZE
Sochi,Sochi,RUS
Zakop,Zakopane,POL
Prage,Pragelato,ITA
Val d,Val di Fiemme,ITA
Obers,Oberstdorf,GER
Kuopi,Kuopio,FIN
Innsb,Innsbruck,AUT
Titis,Titisee-Neustadt,GER
Wisla,Wisla,POL
Falun,Falun,SWE
Oslo,Oslo,NOR
Trond,Trondheim,NOR
Almat,Almaty,KAZ
